trial,ball,ball_mass_g,ball_diameter_mm,drop_height_cm,crater_d1_mm,crater_d2_mm,ray_length_mm,notes
1,glass marble,5.2,16.0,10,39,37,115,illustrative
2,glass marble,5.2,16.0,20,46,41,142,illustrative
3,glass marble,5.2,16.0,40,53,52,104,illustrative
4,glass marble,5.2,16.0,80,60,65,193,illustrative
5,glass marble,5.2,16.0,160,74,77,179,illustrative
6,wooden bead,3.1,20.0,10,33,34,64,illustrative
7,wooden bead,3.1,20.0,20,41,39,113,illustrative
8,wooden bead,3.1,20.0,40,45,49,142,illustrative
9,wooden bead,3.1,20.0,80,54,54,135,illustrative
10,wooden bead,3.1,20.0,160,66,66,179,illustrative
11,golf ball,45.9,42.7,10,75,68,157,illustrative
12,golf ball,45.9,42.7,20,77,81,164,illustrative
13,golf ball,45.9,42.7,40,92,89,195,illustrative
14,golf ball,45.9,42.7,80,111,112,321,illustrative
15,golf ball,45.9,42.7,160,122,131,380,illustrative
16,steel ball,28.2,19.0,10,59,59,130,illustrative
17,steel ball,28.2,19.0,20,71,69,142,illustrative
18,steel ball,28.2,19.0,40,81,81,220,illustrative
19,steel ball,28.2,19.0,80,90,94,233,illustrative
20,steel ball,28.2,19.0,160,110,112,221,illustrative
