date_utc,spot_id,x_mm,y_mm,disk_diameter_mm,notes
2026-06-10 12:53,A,-36.1,8.6,90,illustrative
2026-06-10 12:55,B,-20.8,-18.2,90,illustrative
2026-06-11 12:29,A,-29.1,9.3,90,illustrative
2026-06-12 12:10,A,-20.8,9.5,90,illustrative
2026-06-12 12:10,B,-2.7,-18.4,90,illustrative
2026-06-13 12:43,B,6.8,-18.4,90,illustrative
2026-06-14 12:12,B,15.7,-17.3,90,illustrative
2026-06-14 12:36,A,-1.1,9.9,90,illustrative
2026-06-15 12:11,A,9.0,8.9,90,illustrative
2026-06-15 12:23,B,23.7,-18.5,90,illustrative
2026-06-16 12:21,B,30.7,-18.4,90,illustrative
2026-06-16 12:51,A,18.8,9.1,90,illustrative
2026-06-17 12:43,B,35.8,-18.3,90,illustrative
