t_s,seq,state,alt_m,vel_mps,acc_g,lat,lon,max_alt_m,vbat_v,sats,rssi_dbm,snr_db
0.0,0,PAD,0.0,0.0,1.0,35.0,-117.0,0,4.05,9,-108.0,3.1
0.25,1,PAD,0.0,0.0,1.0,35.0,-117.0,0,4.05,9,-115.0,-4.0
0.5,2,PAD,0.0,0.0,1.0,35.0,-117.0,0,4.05,9,-110.0,0.5
0.75,3,PAD,0.0,0.0,1.0,35.0,-117.0,0,4.05,9,-112.0,-1.1
1.0,4,PAD,0.0,0.0,1.0,35.0,-117.0,0,4.05,9,-108.0,3.5
1.25,5,PAD,0.0,0.0,1.0,35.0,-117.0,0,4.05,9,-111.0,0.3
1.5,6,PAD,0.0,0.0,1.0,35.0,-117.0,0,4.05,9,-110.0,0.9
1.75,7,PAD,0.0,0.0,1.0,35.0,-117.0,0,4.05,9,-111.0,0.3
2.0,8,PAD,0.0,0.0,1.0,35.0,-117.0,0,4.05,9,-111.0,-0.4
2.249,9,PAD,0.0,0.0,1.0,35.0,-117.0,0,4.05,9,-110.0,0.6
2.499,10,PAD,0.0,0.0,1.0,35.0,-117.0,0,4.05,9,-111.0,0.5
2.749,11,PAD,0.0,0.0,1.0,35.0,-117.0,0,4.05,9,-109.0,2.3
2.999,12,PAD,0.0,0.0,1.0,35.0,-117.0,0,4.05,9,-115.0,-3.8
3.249,13,PAD,0.0,0.0,1.0,35.0,-117.0,0,4.05,9,-112.0,-1.3
3.499,14,PAD,0.0,0.0,1.0,35.0,-117.0,0,4.05,9,-113.0,-2.2
3.749,15,PAD,0.0,0.0,1.0,35.0,-117.0,0,4.05,9,-107.0,4.4
3.999,16,PAD,0.0,0.0,1.0,35.0,-117.0,0,4.05,9,-112.0,-1.0
4.249,17,PAD,0.0,0.0,1.0,35.0,-117.0,0,4.05,9,-113.0,-2.0
4.499,18,PAD,0.0,0.0,1.0,35.0,-117.0,0,4.05,9,-111.0,-0.5
4.749,19,PAD,0.0,0.0,1.0,35.0,-117.0,0,4.05,9,-111.0,-0.2
4.999,20,PAD,0.0,0.0,1.0,35.0,-117.0,0,4.05,9,-115.0,-4.2
5.249,21,PAD,0.0,0.0,1.0,35.0,-117.0,0,4.05,9,-112.0,-1.2
5.499,22,PAD,0.0,0.0,1.0,35.0,-117.0,0,4.05,9,-110.0,0.9
5.749,23,PAD,0.0,0.0,1.0,35.0,-117.0,0,4.05,9,-114.0,-3.4
5.999,24,PAD,0.0,0.0,1.0,35.0,-117.0,0,4.05,9,-113.0,-2.3
6.249,25,PAD,0.0,0.0,1.0,35.0,-117.0,0,4.05,9,-119.0,-8.0
6.499,26,PAD,0.0,0.0,1.0,35.0,-117.0,0,4.05,9,-106.0,5.3
6.749,27,PAD,0.0,0.0,1.0,35.0,-117.0,0,4.05,9,-111.0,-0.4
6.999,28,PAD,0.0,0.0,1.0,35.0,-117.0,0,4.05,9,-107.0,4.0
7.249,29,PAD,0.0,0.0,1.0,35.0,-117.0,0,4.05,9,-112.0,-0.9
7.499,30,PAD,0.0,0.0,1.0,35.0,-117.0,0,4.05,9,-106.0,5.5
7.749,31,PAD,0.0,0.0,1.0,35.0,-117.0,0,4.05,9,-111.0,0.4
7.999,32,PAD,0.0,0.0,1.0,35.0,-117.0,0,4.05,9,-115.0,-3.6
8.249,33,PAD,0.0,0.0,1.0,35.0,-117.0,0,4.05,9,-111.0,-0.2
8.499,34,PAD,0.0,0.0,1.0,35.0,-117.0,0,4.05,9,-110.0,1.3
8.749,35,PAD,0.0,0.0,1.0,35.0,-117.0,0,4.05,9,-107.0,3.6
8.999,36,PAD,0.0,0.0,1.0,35.0,-117.0,0,4.05,9,-114.0,-2.7
9.249,37,PAD,0.0,0.0,1.0,35.0,-117.0,0,4.049,9,-114.0,-2.7
9.499,38,PAD,0.0,0.0,1.0,35.0,-117.0,0,4.049,9,-116.0,-4.9
9.749,39,PAD,0.0,0.0,1.0,35.0,-117.0,0,4.049,9,-114.0,-2.8
9.999,40,PAD,0.0,0.0,1.0,35.0,-117.0,0,4.049,9,-108.0,2.7
10.249,41,BOOST,3.1,25.1,10.35,,,3,4.049,0,-81.0,12.0
10.499,42,BOOST,12.4,47.9,10.26,,,12,4.049,0,-72.0,12.0
10.749,43,BOOST,27.3,70.5,10.13,,,27,4.049,0,-77.0,12.0
10.999,44,BOOST,47.8,92.7,9.98,,,47,4.049,0,-79.0,12.0
11.249,45,BOOST,73.8,114.5,9.8,,,73,4.049,0,-79.0,12.0
11.499,46,BOOST,105.2,135.8,9.59,,,105,4.049,0,-79.0,12.0
11.749,47,BOOST,141.8,154.4,5.4,,,141,4.049,0,-78.0,12.0
11.999,48,COAST,180.7,154.5,0.68,35.0000067,-116.9999802,180,4.049,9,-78.0,12.0
12.249,49,COAST,218.8,150.4,0.65,35.0000076,-116.9999778,218,4.049,9,-77.0,12.0
12.499,50,COAST,255.9,146.4,0.61,35.0000084,-116.9999753,255,4.049,9,-77.0,12.0
12.749,51,COAST,292.0,142.5,0.58,35.0000093,-116.9999728,291,4.049,9,-86.0,12.0
12.999,52,COAST,327.1,138.7,0.54,35.0000101,-116.9999704,327,4.049,9,-79.0,12.0
13.249,53,COAST,361.3,134.9,0.51,35.000011,-116.9999679,361,4.049,9,-82.0,12.0
13.499,54,COAST,394.5,131.2,0.48,35.0000118,-116.9999654,394,4.049,9,-80.0,12.0
13.749,55,COAST,426.9,127.6,0.45,35.0000126,-116.9999629,426,4.049,9,-80.0,12.0
13.999,56,COAST,458.3,124.1,0.43,35.0000135,-116.9999605,458,4.049,9,-76.0,12.0
14.249,57,COAST,488.9,120.6,0.4,35.0000143,-116.999958,488,4.049,9,-80.0,12.0
14.499,58,COAST,518.6,117.2,0.38,35.0000152,-116.9999555,518,4.049,9,-72.0,12.0
14.749,59,COAST,547.5,113.9,0.36,35.000016,-116.9999531,547,4.049,9,-78.0,12.0
14.999,60,COAST,575.5,110.6,0.34,35.0000169,-116.9999506,575,4.049,9,-74.0,12.0
15.249,61,COAST,602.7,107.3,0.31,35.0000177,-116.9999481,602,4.049,9,-79.0,12.0
15.499,62,COAST,629.2,104.1,0.3,35.0000185,-116.9999457,629,4.049,9,-78.0,12.0
15.749,63,COAST,654.8,101.0,0.28,35.0000194,-116.9999432,654,4.049,9,-77.0,12.0
15.999,64,COAST,679.6,97.9,0.26,35.0000202,-116.9999407,679,4.049,9,-77.0,12.0
16.249,65,COAST,703.7,94.8,0.24,35.0000211,-116.9999382,703,4.049,9,-79.0,12.0
16.499,66,COAST,727.0,91.8,0.23,35.0000219,-116.9999358,726,4.049,9,-75.0,12.0
16.749,67,COAST,749.6,88.8,0.21,35.0000228,-116.9999333,749,4.049,9,-85.0,12.0
16.999,68,COAST,771.4,85.8,0.2,35.0000236,-116.9999308,771,4.049,9,-79.0,12.0
17.249,69,COAST,792.4,82.9,0.18,35.0000245,-116.9999284,792,4.049,9,-81.0,12.0
17.499,70,COAST,812.8,80.0,0.17,35.0000253,-116.9999259,812,4.049,9,-81.0,12.0
17.749,71,COAST,832.4,77.2,0.16,35.0000261,-116.9999234,832,4.049,9,-77.0,12.0
18.0,72,COAST,851.4,74.3,0.15,35.000027,-116.999921,851,4.049,9,-81.0,12.0
18.25,73,COAST,869.6,71.5,0.14,35.0000278,-116.9999185,869,4.049,9,-80.0,12.0
18.5,74,COAST,887.1,68.8,0.13,35.0000287,-116.999916,887,4.049,9,-84.0,12.0
18.75,75,COAST,903.9,66.0,0.12,35.0000295,-116.9999135,903,4.049,9,-83.0,12.0
19.0,76,COAST,920.1,63.3,0.11,35.0000304,-116.9999111,920,4.049,9,-86.0,12.0
19.25,77,COAST,935.6,60.6,0.1,35.0000312,-116.9999086,935,4.049,9,-83.0,12.0
19.5,78,COAST,950.4,57.9,0.09,,,950,4.049,0,-79.0,12.0
19.75,79,COAST,964.5,55.3,0.08,35.0000329,-116.9999037,964,4.049,9,-79.0,12.0
20.0,80,COAST,978.0,52.6,0.07,35.0000337,-116.9999012,977,4.049,9,-79.0,12.0
20.25,81,COAST,990.8,50.0,0.07,35.0000346,-116.9998987,990,4.049,9,-78.0,12.0
20.5,82,COAST,1003.0,47.4,0.06,35.0000354,-116.9998963,1002,4.049,9,-81.0,12.0
20.75,83,COAST,1014.5,44.8,0.05,35.0000363,-116.9998938,1014,4.049,9,-78.0,12.0
21.0,84,COAST,1025.4,42.2,0.05,,,1025,4.049,0,-81.0,12.0
21.25,85,COAST,1035.6,39.7,0.04,35.0000379,-116.9998888,1035,4.049,9,-88.0,12.0
21.5,86,COAST,1045.2,37.1,0.04,35.0000388,-116.9998864,1045,4.049,9,-79.0,12.0
21.75,87,COAST,1054.1,34.6,0.03,35.0000396,-116.9998839,1054,4.049,9,-79.0,12.0
22.0,88,COAST,1062.5,32.1,0.03,35.0000405,-116.9998814,1062,4.049,9,-83.0,12.0
22.25,89,COAST,1070.1,29.6,0.02,35.0000413,-116.999879,1070,4.049,9,-81.0,12.0
22.5,90,COAST,1077.2,27.1,0.02,35.0000422,-116.9998765,1077,4.049,9,-85.0,12.0
22.75,91,COAST,1083.7,24.6,0.02,35.000043,-116.999874,1083,4.049,9,-86.0,12.0
23.0,92,COAST,1089.5,22.1,0.01,35.0000438,-116.9998715,1089,4.049,9,-81.0,12.0
23.25,93,COAST,1094.7,19.6,0.01,35.0000447,-116.9998691,1094,4.049,9,-78.0,12.0
23.5,94,COAST,1099.3,17.1,0.01,35.0000455,-116.9998666,1099,4.049,9,-77.0,12.0
23.75,95,COAST,1103.2,14.7,0.01,35.0000464,-116.9998641,1103,4.049,9,-79.0,12.0
24.0,96,COAST,1106.6,12.2,0.0,35.0000472,-116.9998617,1106,4.049,9,-79.0,12.0
24.25,97,COAST,1109.3,9.7,0.0,35.0000481,-116.9998592,1109,4.049,9,-94.0,12.0
24.5,98,COAST,1111.4,7.3,0.0,35.0000489,-116.9998567,1111,4.049,9,-75.0,12.0
24.75,99,COAST,1112.9,4.8,0.0,35.0000497,-116.9998543,1112,4.049,9,-81.0,12.0
25.0,100,COAST,1113.8,2.4,0.0,35.0000506,-116.9998518,1113,4.049,9,-76.0,12.0
25.25,101,APOGEE,1114.1,-0.1,0.0,35.0000514,-116.9998493,1114,4.049,9,-75.0,12.0
25.5,102,DESCENT,1113.7,-2.5,0.01,35.0000571,-116.9998328,1114,4.049,9,-78.0,12.0
25.75,103,DESCENT,1112.8,-4.9,0.04,35.0000627,-116.9998164,1114,4.049,9,-85.0,12.0
26.0,104,DESCENT,1111.3,-7.2,0.09,35.0000683,-116.9997999,1114,4.049,9,-81.0,12.0
26.25,105,DESCENT,1109.2,-9.4,0.16,35.0000739,-116.9997834,1114,4.049,9,-79.0,12.0
26.5,106,DESCENT,1106.6,-11.3,0.23,35.0000795,-116.999767,1114,4.049,9,-83.0,12.0
26.75,107,DESCENT,1103.5,-13.1,0.31,35.0000852,-116.9997505,1114,4.049,9,-79.0,12.0
27.0,108,DESCENT,1100.0,-14.7,0.39,35.0000908,-116.999734,1114,4.048,9,-94.0,12.0
27.25,109,DESCENT,1096.2,-16.1,0.47,35.0000964,-116.9997176,1114,4.048,9,-79.0,12.0
27.5,110,DESCENT,1092.0,-17.3,0.54,35.000102,-116.9997011,1114,4.048,9,-80.0,12.0
27.75,111,DESCENT,1087.5,-18.4,0.61,35.0001076,-116.9996846,1114,4.048,9,-80.0,12.0
28.0,112,DESCENT,1082.8,-19.2,0.67,35.0001133,-116.9996682,1114,4.048,9,-80.0,12.0
28.25,113,DESCENT,1077.9,-20.0,0.72,35.0001189,-116.9996517,1114,4.048,9,-77.0,12.0
28.5,114,DESCENT,1072.8,-20.6,0.77,35.0001245,-116.9996352,1114,4.048,9,-81.0,12.0
28.75,115,DESCENT,1067.6,-21.1,0.81,35.0001301,-116.9996188,1114,4.048,9,-76.0,12.0
29.0,116,DESCENT,1062.3,-21.5,0.84,35.0001357,-116.9996023,1114,4.048,9,-79.0,12.0
29.25,117,DESCENT,1056.8,-21.9,0.87,35.0001414,-116.9995858,1114,4.048,9,-82.0,12.0
29.5,118,DESCENT,1051.3,-22.2,0.9,35.000147,-116.9995694,1114,4.048,9,-76.0,12.0
29.75,119,DESCENT,1045.8,-22.4,0.91,35.0001526,-116.9995529,1114,4.048,9,-85.0,12.0
30.0,120,DESCENT,1040.1,-22.6,0.93,35.0001582,-116.9995364,1114,4.048,9,-80.0,12.0
30.25,121,DESCENT,1034.5,-22.7,0.94,35.0001638,-116.99952,1114,4.048,9,-81.0,12.0
30.5,122,DESCENT,1028.8,-22.8,0.96,35.0001695,-116.9995035,1114,4.048,9,-72.0,12.0
30.75,123,DESCENT,1023.1,-22.9,0.96,35.0001751,-116.999487,1114,4.048,9,-78.0,12.0
31.0,124,DESCENT,1017.3,-23.0,0.97,35.0001807,-116.9994706,1114,4.048,9,-79.0,12.0
31.25,125,DESCENT,1011.6,-23.1,0.98,35.0001863,-116.9994541,1114,4.048,9,-86.0,12.0
31.5,126,DESCENT,1005.8,-23.1,0.98,35.0001919,-116.9994376,1114,4.048,9,-79.0,12.0
31.75,127,DESCENT,1000.0,-23.2,0.99,35.0001976,-116.9994211,1114,4.048,9,-83.0,12.0
32.0,128,DESCENT,994.2,-23.2,0.99,35.0002032,-116.9994047,1114,4.048,9,-83.0,12.0
32.25,129,DESCENT,988.4,-23.2,0.99,35.0002088,-116.9993882,1114,4.048,9,-82.0,12.0
32.5,130,DESCENT,982.6,-23.2,0.99,,,1114,4.048,0,-81.0,12.0
32.75,131,DESCENT,976.8,-23.3,1.0,35.0002201,-116.9993553,1114,4.048,9,-80.0,12.0
33.0,132,DESCENT,970.9,-23.3,1.0,35.0002257,-116.9993388,1114,4.048,9,-81.0,12.0
33.25,133,DESCENT,965.1,-23.3,1.0,35.0002313,-116.9993223,1114,4.048,9,-76.0,12.0
33.5,134,DESCENT,959.3,-23.3,1.0,35.0002369,-116.9993059,1114,4.048,9,-86.0,12.0
33.75,135,DESCENT,953.5,-23.3,1.0,35.0002425,-116.9992894,1114,4.048,9,-80.0,12.0
34.0,136,DESCENT,947.7,-23.3,1.0,35.0002482,-116.9992729,1114,4.048,9,-76.0,12.0
34.25,137,DESCENT,941.9,-23.3,1.0,35.0002538,-116.9992565,1114,4.048,9,-77.0,12.0
34.5,138,DESCENT,936.0,-23.3,1.0,35.0002594,-116.99924,1114,4.048,9,-82.0,12.0
34.75,139,DESCENT,930.2,-23.3,1.0,35.000265,-116.9992235,1114,4.048,9,-81.0,12.0
35.0,140,DESCENT,924.4,-23.3,1.0,35.0002706,-116.9992071,1114,4.048,9,-81.0,12.0
35.25,141,DESCENT,918.6,-23.2,1.0,35.0002763,-116.9991906,1114,4.048,9,-77.0,12.0
35.5,142,DESCENT,912.8,-23.2,1.0,35.0002819,-116.9991741,1114,4.048,9,-78.0,12.0
35.75,143,DESCENT,907.0,-23.2,1.0,35.0002875,-116.9991577,1114,4.048,9,-80.0,12.0
36.0,144,DESCENT,901.2,-23.2,1.0,35.0002931,-116.9991412,1114,4.048,9,-78.0,12.0
36.25,145,DESCENT,895.4,-23.2,1.0,35.0002987,-116.9991247,1114,4.048,9,-83.0,12.0
36.5,146,DESCENT,889.6,-23.2,1.0,35.0003044,-116.9991083,1114,4.048,9,-80.0,12.0
36.75,147,DESCENT,883.8,-23.2,1.0,35.00031,-116.9990918,1114,4.048,9,-80.0,12.0
37.0,148,DESCENT,878.0,-23.2,1.0,35.0003156,-116.9990753,1114,4.048,9,-76.0,12.0
37.25,149,DESCENT,872.2,-23.2,1.0,35.0003212,-116.9990589,1114,4.048,9,-83.0,12.0
37.5,150,DESCENT,866.4,-23.2,1.0,35.0003268,-116.9990424,1114,4.048,9,-83.0,12.0
37.75,151,DESCENT,860.6,-23.2,1.0,35.0003325,-116.9990259,1114,4.048,9,-83.0,12.0
38.0,152,DESCENT,854.8,-23.2,1.0,35.0003381,-116.9990094,1114,4.048,9,-81.0,12.0
38.25,153,DESCENT,849.0,-23.2,1.0,35.0003437,-116.998993,1114,4.048,9,-78.0,12.0
38.5,154,DESCENT,843.2,-23.2,1.0,35.0003493,-116.9989765,1114,4.048,9,-81.0,12.0
38.75,155,DESCENT,837.4,-23.1,1.0,35.000355,-116.99896,1114,4.048,9,-80.0,12.0
39.0,156,DESCENT,831.6,-23.1,1.0,35.0003606,-116.9989436,1114,4.048,9,-99.0,11.9
39.25,157,DESCENT,825.8,-23.1,1.0,35.0003662,-116.9989271,1114,4.048,9,-80.0,12.0
39.5,158,DESCENT,820.1,-23.1,1.0,35.0003718,-116.9989106,1114,4.048,9,-78.0,12.0
39.75,159,DESCENT,814.3,-23.1,1.0,35.0003774,-116.9988942,1114,4.048,9,-81.0,12.0
40.0,160,DESCENT,808.5,-23.1,1.0,35.0003831,-116.9988777,1114,4.048,9,-78.0,12.0
40.25,161,DESCENT,802.7,-23.1,1.0,35.0003887,-116.9988612,1114,4.048,9,-76.0,12.0
40.5,162,DESCENT,796.9,-23.1,1.0,35.0003943,-116.9988448,1114,4.048,9,-77.0,12.0
40.75,163,DESCENT,791.2,-23.1,1.0,35.0003999,-116.9988283,1114,4.048,9,-75.0,12.0
41.0,164,DESCENT,785.4,-23.1,1.0,35.0004055,-116.9988118,1114,4.048,9,-73.0,12.0
41.25,165,DESCENT,779.6,-23.1,1.0,35.0004112,-116.9987954,1114,4.048,9,-79.0,12.0
41.5,166,DESCENT,773.9,-23.1,1.0,35.0004168,-116.9987789,1114,4.048,9,-81.0,12.0
41.75,167,DESCENT,768.1,-23.1,1.0,35.0004224,-116.9987624,1114,4.048,9,-81.0,12.0
42.0,168,DESCENT,762.3,-23.0,1.0,35.000428,-116.998746,1114,4.048,9,-81.0,12.0
42.25,169,DESCENT,756.6,-23.0,1.0,35.0004336,-116.9987295,1114,4.048,9,-80.0,12.0
42.5,170,DESCENT,750.8,-23.0,1.0,35.0004393,-116.998713,1114,4.048,9,-80.0,12.0
42.75,171,DESCENT,745.1,-23.0,1.0,35.0004449,-116.9986966,1114,4.048,9,-82.0,12.0
43.0,172,DESCENT,739.3,-23.0,1.0,35.0004505,-116.9986801,1114,4.048,9,-97.0,12.0
43.249,173,DESCENT,733.6,-23.0,1.0,35.0004561,-116.9986636,1114,4.048,9,-83.0,12.0
43.499,174,DESCENT,727.8,-23.0,1.0,35.0004617,-116.9986472,1114,4.048,9,-83.0,12.0
43.749,175,DESCENT,722.1,-23.0,1.0,35.0004674,-116.9986307,1114,4.048,9,-75.0,12.0
43.999,176,DESCENT,716.3,-23.0,1.0,35.000473,-116.9986142,1114,4.048,9,-79.0,12.0
44.249,177,DESCENT,710.6,-23.0,1.0,35.0004786,-116.9985977,1114,4.048,9,-78.0,12.0
44.499,178,DESCENT,704.8,-23.0,1.0,35.0004842,-116.9985813,1114,4.048,9,-85.0,12.0
44.749,179,DESCENT,699.1,-23.0,1.0,35.0004898,-116.9985648,1114,4.048,9,-83.0,12.0
44.999,180,DESCENT,693.3,-23.0,1.0,35.0004955,-116.9985483,1114,4.047,9,-86.0,12.0
45.249,181,DESCENT,687.6,-22.9,1.0,35.0005011,-116.9985319,1114,4.047,9,-83.0,12.0
45.499,182,DESCENT,681.9,-22.9,1.0,35.0005067,-116.9985154,1114,4.047,9,-89.0,12.0
45.749,183,DESCENT,676.1,-22.9,1.0,35.0005123,-116.9984989,1114,4.047,9,-76.0,12.0
45.999,184,DESCENT,670.4,-22.9,1.0,35.000518,-116.9984825,1114,4.047,9,-79.0,12.0
46.249,185,DESCENT,664.7,-22.9,1.0,35.0005236,-116.998466,1114,4.047,9,-79.0,12.0
46.499,186,DESCENT,659.0,-22.9,1.0,35.0005292,-116.9984495,1114,4.047,9,-95.0,12.0
46.749,187,DESCENT,653.2,-22.9,1.0,35.0005348,-116.9984331,1114,4.047,9,-83.0,12.0
46.999,188,DESCENT,647.5,-22.9,1.0,35.0005404,-116.9984166,1114,4.047,9,-81.0,12.0
47.249,189,DESCENT,641.8,-22.9,1.0,35.0005461,-116.9984001,1114,4.047,9,-81.0,12.0
47.499,190,DESCENT,636.1,-22.9,1.0,35.0005517,-116.9983837,1114,4.047,9,-81.0,12.0
47.749,191,DESCENT,630.3,-22.9,1.0,35.0005573,-116.9983672,1114,4.047,9,-80.0,12.0
47.999,192,DESCENT,624.6,-22.9,1.0,35.0005629,-116.9983507,1114,4.047,9,-81.0,12.0
48.249,193,DESCENT,618.9,-22.9,1.0,35.0005685,-116.9983343,1114,4.047,9,-84.0,12.0
48.499,194,DESCENT,613.2,-22.8,1.0,35.0005742,-116.9983178,1114,4.047,9,-76.0,12.0
48.749,195,DESCENT,607.5,-22.8,1.0,35.0005798,-116.9983013,1114,4.047,9,-84.0,12.0
48.999,196,DESCENT,601.8,-22.8,1.0,35.0005854,-116.9982849,1114,4.047,9,-76.0,12.0
49.249,197,DESCENT,596.1,-22.8,1.0,35.000591,-116.9982684,1114,4.047,9,-79.0,12.0
49.499,198,DESCENT,590.4,-22.8,1.0,35.0005966,-116.9982519,1114,4.047,9,-93.0,12.0
49.749,199,DESCENT,584.7,-22.8,1.0,35.0006023,-116.9982355,1114,4.047,9,-92.0,12.0
49.999,200,DESCENT,579.0,-22.8,1.0,35.0006079,-116.998219,1114,4.047,9,-76.0,12.0
50.249,201,DESCENT,573.3,-22.8,1.0,35.0006135,-116.9982025,1114,4.047,9,-76.0,12.0
50.499,202,DESCENT,567.6,-22.8,1.0,35.0006191,-116.998186,1114,4.047,9,-81.0,12.0
50.749,203,DESCENT,561.9,-22.8,1.0,35.0006247,-116.9981696,1114,4.047,9,-77.0,12.0
50.999,204,DESCENT,556.2,-22.8,1.0,35.0006304,-116.9981531,1114,4.047,9,-75.0,12.0
51.249,205,DESCENT,550.5,-22.8,1.0,35.000636,-116.9981366,1114,4.047,9,-80.0,12.0
51.499,206,DESCENT,544.8,-22.8,1.0,35.0006416,-116.9981202,1114,4.047,9,-78.0,12.0
51.749,207,DESCENT,539.1,-22.7,1.0,35.0006472,-116.9981037,1114,4.047,9,-77.0,12.0
51.999,208,DESCENT,533.4,-22.7,1.0,35.0006529,-116.9980872,1114,4.047,9,-81.0,12.0
52.249,209,DESCENT,527.8,-22.7,1.0,35.0006585,-116.9980708,1114,4.047,9,-82.0,12.0
52.499,210,DESCENT,522.1,-22.7,1.0,35.0006641,-116.9980543,1114,4.047,9,-75.0,12.0
52.749,211,DESCENT,516.4,-22.7,1.0,35.0006697,-116.9980378,1114,4.047,9,-86.0,12.0
52.999,212,DESCENT,510.7,-22.7,1.0,35.0006753,-116.9980214,1114,4.047,9,-72.0,12.0
53.249,213,DESCENT,505.0,-22.7,1.0,35.000681,-116.9980049,1114,4.047,9,-83.0,12.0
53.499,214,DESCENT,499.4,-22.7,1.0,35.0006866,-116.9979884,1114,4.047,9,-88.0,12.0
53.749,215,DESCENT,493.7,-22.7,1.0,35.0006922,-116.997972,1114,4.047,9,-84.0,12.0
53.999,216,DESCENT,488.0,-22.7,1.0,35.0006978,-116.9979555,1114,4.047,9,-82.0,12.0
54.249,217,DESCENT,482.4,-22.7,1.0,35.0007034,-116.997939,1114,4.047,9,-77.0,12.0
54.499,218,DESCENT,476.7,-22.7,1.0,35.0007091,-116.9979226,1114,4.047,9,-78.0,12.0
54.749,219,DESCENT,471.0,-22.7,1.0,35.0007147,-116.9979061,1114,4.047,9,-92.0,12.0
54.999,220,DESCENT,465.4,-22.6,1.0,35.0007203,-116.9978896,1114,4.047,9,-78.0,12.0
55.249,221,DESCENT,459.7,-22.6,1.0,35.0007259,-116.9978732,1114,4.047,9,-90.0,12.0
55.499,222,DESCENT,454.0,-22.6,1.0,35.0007315,-116.9978567,1114,4.047,9,-77.0,12.0
55.749,223,DESCENT,448.4,-22.6,1.0,35.0007372,-116.9978402,1114,4.047,9,-74.0,12.0
55.999,224,DESCENT,442.7,-22.6,1.0,35.0007428,-116.9978237,1114,4.047,9,-84.0,12.0
56.249,225,DESCENT,437.1,-22.6,1.0,35.0007484,-116.9978073,1114,4.047,9,-83.0,12.0
56.499,226,DESCENT,431.4,-22.6,1.0,35.000754,-116.9977908,1114,4.047,9,-80.0,12.0
56.749,227,DESCENT,425.8,-22.6,1.0,35.0007596,-116.9977743,1114,4.047,9,-85.0,12.0
56.999,228,DESCENT,420.1,-22.6,1.0,35.0007653,-116.9977579,1114,4.047,9,-82.0,12.0
57.249,229,DESCENT,414.5,-22.6,1.0,35.0007709,-116.9977414,1114,4.047,9,-79.0,12.0
57.499,230,DESCENT,408.8,-22.6,1.0,35.0007765,-116.9977249,1114,4.047,9,-78.0,12.0
57.749,231,DESCENT,403.2,-22.6,1.0,,,1114,4.047,0,-77.0,12.0
57.999,232,DESCENT,397.6,-22.6,1.0,35.0007877,-116.997692,1114,4.047,9,-76.0,12.0
58.249,233,DESCENT,391.9,-22.5,1.0,35.0007934,-116.9976755,1114,4.047,9,-80.0,12.0
58.499,234,DESCENT,386.3,-22.5,1.0,35.000799,-116.9976591,1114,4.047,9,-83.0,12.0
58.749,235,DESCENT,380.7,-22.5,1.0,35.0008046,-116.9976426,1114,4.047,9,-77.0,12.0
58.999,236,DESCENT,375.0,-22.5,1.0,35.0008102,-116.9976261,1114,4.047,9,-77.0,12.0
59.249,237,DESCENT,369.4,-22.5,1.0,35.0008159,-116.9976097,1114,4.047,9,-76.0,12.0
59.499,238,DESCENT,363.8,-22.5,1.0,35.0008215,-116.9975932,1114,4.047,9,-76.0,12.0
59.749,239,DESCENT,358.1,-22.5,1.0,35.0008271,-116.9975767,1114,4.047,9,-82.0,12.0
59.999,240,DESCENT,352.5,-22.5,1.0,35.0008327,-116.9975603,1114,4.047,9,-83.0,12.0
60.249,241,DESCENT,346.9,-22.5,1.0,35.0008383,-116.9975438,1114,4.047,9,-76.0,12.0
60.499,242,DESCENT,341.3,-22.5,1.0,35.000844,-116.9975273,1114,4.047,9,-78.0,12.0
60.749,243,DESCENT,335.7,-22.5,1.0,35.0008496,-116.9975109,1114,4.047,9,-79.0,12.0
60.999,244,DESCENT,330.0,-22.5,1.0,35.0008552,-116.9974944,1114,4.047,9,-84.0,12.0
61.249,245,DESCENT,324.4,-22.5,1.0,35.0008608,-116.9974779,1114,4.047,9,-80.0,12.0
61.499,246,DESCENT,318.8,-22.5,1.0,35.0008664,-116.9974615,1114,4.047,9,-75.0,12.0
61.749,247,DESCENT,313.2,-22.4,1.0,35.0008721,-116.997445,1114,4.047,9,-80.0,12.0
61.999,248,DESCENT,307.6,-22.4,1.0,35.0008777,-116.9974285,1114,4.047,9,-87.0,12.0
62.249,249,DESCENT,302.0,-22.4,1.0,35.0008833,-116.997412,1114,4.047,9,-78.0,12.0
62.499,250,DESCENT,296.4,-22.4,1.0,35.0008889,-116.9973956,1114,4.047,9,-83.0,12.0
62.749,251,DESCENT,290.8,-22.4,1.0,35.0008945,-116.9973791,1114,4.047,9,-81.0,12.0
62.999,252,DESCENT,285.2,-22.4,1.0,35.0009002,-116.9973626,1114,4.046,9,-80.0,12.0
63.249,253,DESCENT,279.6,-22.4,1.0,35.0009058,-116.9973462,1114,4.046,9,-81.0,12.0
63.499,254,DESCENT,274.0,-22.4,1.0,35.0009114,-116.9973297,1114,4.046,9,-80.0,12.0
63.749,255,DESCENT,268.4,-22.4,1.0,35.000917,-116.9973132,1114,4.046,9,-81.0,12.0
63.999,256,DESCENT,262.8,-22.4,1.0,35.0009226,-116.9972968,1114,4.046,9,-79.0,12.0
64.249,257,DESCENT,257.2,-22.4,1.0,35.0009283,-116.9972803,1114,4.046,9,-81.0,12.0
64.499,258,DESCENT,251.6,-22.4,1.0,35.0009339,-116.9972638,1114,4.046,9,-77.0,12.0
64.749,259,DESCENT,246.0,-22.4,1.0,35.0009395,-116.9972474,1114,4.046,9,-80.0,12.0
64.999,260,DESCENT,240.4,-22.3,1.0,35.0009451,-116.9972309,1114,4.046,9,-80.0,12.0
65.249,261,DESCENT,234.8,-22.3,1.0,35.0009508,-116.9972144,1114,4.046,9,-79.0,12.0
65.499,262,DESCENT,229.2,-22.3,1.0,35.0009564,-116.997198,1114,4.046,9,-84.0,12.0
65.749,263,DESCENT,223.7,-22.3,1.0,35.000962,-116.9971815,1114,4.046,9,-78.0,12.0
65.999,264,DESCENT,218.1,-22.3,1.0,35.0009676,-116.997165,1114,4.046,9,-78.0,12.0
66.249,265,DESCENT,212.5,-22.3,1.0,35.0009732,-116.9971486,1114,4.046,9,-76.0,12.0
66.499,266,DESCENT,206.9,-22.3,1.0,35.0009789,-116.9971321,1114,4.046,9,-80.0,12.0
66.749,267,DESCENT,201.4,-22.3,1.0,35.0009845,-116.9971156,1114,4.046,9,-75.0,12.0
66.999,268,DESCENT,195.8,-22.3,1.0,35.0009901,-116.9970992,1114,4.046,9,-77.0,12.0
67.249,269,DESCENT,190.2,-22.3,1.0,35.0009957,-116.9970827,1114,4.046,9,-86.0,12.0
67.499,270,DESCENT,184.6,-22.3,1.0,35.0010013,-116.9970662,1114,4.046,9,-77.0,12.0
67.749,271,DESCENT,179.1,-22.3,1.0,35.001007,-116.9970498,1114,4.046,9,-85.0,12.0
67.999,272,DESCENT,173.5,-22.3,1.0,35.0010126,-116.9970333,1114,4.046,9,-76.0,12.0
68.249,273,DESCENT,167.9,-22.3,1.0,35.0010182,-116.9970168,1114,4.046,9,-78.0,12.0
68.499,274,DESCENT,162.4,-22.2,1.0,35.0010238,-116.9970003,1114,4.046,9,-77.0,12.0
68.749,275,DESCENT,156.8,-22.2,1.0,35.0010294,-116.9969839,1114,4.046,9,-82.0,12.0
68.999,276,DESCENT,151.3,-22.2,1.0,35.0010351,-116.9969674,1114,4.046,9,-83.0,12.0
69.249,277,DESCENT,147.1,-11.3,3.62,35.0010407,-116.9969509,1114,4.046,9,-87.0,12.0
69.499,278,DESCENT,144.8,-7.9,1.72,35.0010463,-116.9969345,1114,4.046,9,-80.0,12.0
69.749,279,DESCENT,143.0,-6.8,1.27,35.0010519,-116.996918,1114,4.046,9,-86.0,12.0
69.999,280,DESCENT,141.4,-6.4,1.11,35.0010575,-116.9969015,1114,4.046,9,-80.0,12.0
70.249,281,DESCENT,139.8,-6.2,1.05,35.0010632,-116.9968851,1114,4.046,9,-79.0,12.0
70.499,282,DESCENT,138.3,-6.1,1.02,35.0010688,-116.9968686,1114,4.046,9,-81.0,12.0
70.749,283,DESCENT,136.7,-6.1,1.01,35.0010744,-116.9968521,1114,4.046,9,-82.0,12.0
70.999,284,DESCENT,135.2,-6.1,1.0,35.00108,-116.9968357,1114,4.046,9,-77.0,12.0
71.249,285,DESCENT,133.7,-6.1,1.0,35.0010856,-116.9968192,1114,4.046,9,-83.0,12.0
71.499,286,DESCENT,132.2,-6.0,1.0,35.0010913,-116.9968027,1114,4.046,9,-83.0,12.0
71.749,287,DESCENT,130.7,-6.0,1.0,35.0010969,-116.9967863,1114,4.046,9,-80.0,12.0
71.999,288,DESCENT,129.2,-6.0,1.0,35.0011025,-116.9967698,1114,4.046,9,-79.0,12.0
72.25,289,DESCENT,127.7,-6.0,1.0,35.0011081,-116.9967533,1114,4.046,9,-76.0,12.0
72.5,290,DESCENT,126.1,-6.0,1.0,35.0011138,-116.9967369,1114,4.046,9,-77.0,12.0
72.75,291,DESCENT,124.6,-6.0,1.0,35.0011194,-116.9967204,1114,4.046,9,-78.0,12.0
73.0,292,DESCENT,123.1,-6.0,1.0,35.001125,-116.9967039,1114,4.046,9,-77.0,12.0
73.25,293,DESCENT,121.6,-6.0,1.0,35.0011306,-116.9966875,1114,4.046,9,-79.0,12.0
73.5,294,DESCENT,120.1,-6.0,1.0,35.0011362,-116.996671,1114,4.046,9,-76.0,12.0
73.75,295,DESCENT,118.6,-6.0,1.0,35.0011419,-116.9966545,1114,4.046,9,-85.0,12.0
74.0,296,DESCENT,117.1,-6.0,1.0,35.0011475,-116.9966381,1114,4.046,9,-77.0,12.0
74.25,297,DESCENT,115.6,-6.0,1.0,35.0011531,-116.9966216,1114,4.046,9,-77.0,12.0
74.5,298,DESCENT,114.1,-6.0,1.0,,,1114,4.046,0,-76.0,12.0
74.75,299,DESCENT,112.5,-6.0,1.0,35.0011643,-116.9965886,1114,4.046,9,-82.0,12.0
75.0,300,DESCENT,111.0,-6.0,1.0,35.00117,-116.9965722,1114,4.046,9,-86.0,12.0
75.25,301,DESCENT,109.5,-6.0,1.0,35.0011756,-116.9965557,1114,4.046,9,-88.0,12.0
75.5,302,DESCENT,108.0,-6.0,1.0,35.0011812,-116.9965392,1114,4.046,9,-79.0,12.0
75.75,303,DESCENT,106.5,-6.0,1.0,35.0011868,-116.9965228,1114,4.046,9,-80.0,12.0
76.0,304,DESCENT,105.0,-6.0,1.0,35.0011924,-116.9965063,1114,4.046,9,-76.0,12.0
76.25,305,DESCENT,103.5,-6.0,1.0,35.0011981,-116.9964898,1114,4.046,9,-82.0,12.0
76.5,306,DESCENT,102.0,-6.0,1.0,35.0012037,-116.9964734,1114,4.046,9,-81.0,12.0
76.75,307,DESCENT,100.5,-6.0,1.0,35.0012093,-116.9964569,1114,4.046,9,-78.0,12.0
77.0,308,DESCENT,99.0,-6.0,1.0,35.0012149,-116.9964404,1114,4.046,9,-75.0,12.0
77.25,309,DESCENT,97.5,-6.0,1.0,35.0012205,-116.996424,1114,4.046,9,-80.0,12.0
77.5,310,DESCENT,95.9,-6.0,1.0,35.0012262,-116.9964075,1114,4.046,9,-81.0,12.0
77.75,311,DESCENT,94.4,-6.0,1.0,35.0012318,-116.996391,1114,4.046,9,-84.0,12.0
78.0,312,DESCENT,92.9,-6.0,1.0,35.0012374,-116.9963746,1114,4.046,9,-83.0,12.0
78.25,313,DESCENT,91.4,-6.0,1.0,35.001243,-116.9963581,1114,4.046,9,-92.0,12.0
78.5,314,DESCENT,89.9,-6.0,1.0,35.0012487,-116.9963416,1114,4.046,9,-78.0,12.0
78.75,315,DESCENT,88.4,-6.0,1.0,35.0012543,-116.9963252,1114,4.046,9,-76.0,12.0
79.0,316,DESCENT,86.9,-6.0,1.0,35.0012599,-116.9963087,1114,4.046,9,-83.0,12.0
79.25,317,DESCENT,85.4,-6.0,1.0,35.0012655,-116.9962922,1114,4.046,9,-79.0,12.0
79.5,318,DESCENT,83.9,-6.0,1.0,35.0012711,-116.9962758,1114,4.046,9,-75.0,12.0
79.75,319,DESCENT,82.4,-6.0,1.0,35.0012768,-116.9962593,1114,4.046,9,-82.0,12.0
80.0,320,DESCENT,80.9,-6.0,1.0,35.0012824,-116.9962428,1114,4.046,9,-79.0,12.0
80.25,321,DESCENT,79.4,-6.0,1.0,35.001288,-116.9962263,1114,4.046,9,-84.0,12.0
80.5,322,DESCENT,77.8,-6.0,1.0,35.0012936,-116.9962099,1114,4.046,9,-77.0,12.0
80.75,323,DESCENT,76.3,-6.0,1.0,35.0012992,-116.9961934,1114,4.046,9,-80.0,12.0
81.0,324,DESCENT,74.8,-6.0,1.0,35.0013049,-116.9961769,1114,4.045,9,-89.0,12.0
81.25,325,DESCENT,73.3,-6.0,1.0,35.0013105,-116.9961605,1114,4.045,9,-88.0,12.0
81.5,326,DESCENT,71.8,-6.0,1.0,35.0013161,-116.996144,1114,4.045,9,-78.0,12.0
81.75,327,DESCENT,70.3,-6.0,1.0,35.0013217,-116.9961275,1114,4.045,9,-80.0,12.0
82.0,328,DESCENT,68.8,-6.0,1.0,35.0013273,-116.9961111,1114,4.045,9,-81.0,12.0
82.25,329,DESCENT,67.3,-6.0,1.0,35.001333,-116.9960946,1114,4.045,9,-84.0,12.0
82.5,330,DESCENT,65.8,-6.0,1.0,35.0013386,-116.9960781,1114,4.045,9,-83.0,12.0
82.75,331,DESCENT,64.3,-6.0,1.0,35.0013442,-116.9960617,1114,4.045,9,-77.0,12.0
83.0,332,DESCENT,62.8,-6.0,1.0,,,1114,4.045,0,-81.0,12.0
83.25,333,DESCENT,61.3,-6.0,1.0,35.0013554,-116.9960287,1114,4.045,9,-78.0,12.0
83.5,334,DESCENT,59.8,-6.0,1.0,35.0013611,-116.9960123,1114,4.045,9,-83.0,12.0
83.75,335,DESCENT,58.3,-6.0,1.0,35.0013667,-116.9959958,1114,4.045,9,-79.0,12.0
84.0,336,DESCENT,56.8,-6.0,1.0,35.0013723,-116.9959793,1114,4.045,9,-81.0,12.0
84.25,337,DESCENT,55.3,-6.0,1.0,35.0013779,-116.9959629,1114,4.045,9,-79.0,12.0
84.5,338,DESCENT,53.8,-6.0,1.0,35.0013836,-116.9959464,1114,4.045,9,-79.0,12.0
84.75,339,DESCENT,52.2,-6.0,1.0,35.0013892,-116.9959299,1114,4.045,9,-78.0,12.0
85.0,340,DESCENT,50.7,-6.0,1.0,35.0013948,-116.9959135,1114,4.045,9,-78.0,12.0
85.25,341,DESCENT,49.2,-6.0,1.0,35.0014004,-116.995897,1114,4.045,9,-75.0,12.0
85.5,342,DESCENT,47.7,-6.0,1.0,35.001406,-116.9958805,1114,4.045,9,-82.0,12.0
85.75,343,DESCENT,46.2,-6.0,1.0,35.0014117,-116.9958641,1114,4.045,9,-79.0,12.0
86.0,344,DESCENT,44.7,-6.0,1.0,35.0014173,-116.9958476,1114,4.045,9,-82.0,12.0
86.25,345,DESCENT,43.2,-6.0,1.0,35.0014229,-116.9958311,1114,4.045,9,-96.0,12.0
86.5,346,DESCENT,41.7,-6.0,1.0,35.0014285,-116.9958146,1114,4.045,9,-85.0,12.0
86.75,347,DESCENT,40.2,-6.0,1.0,35.0014341,-116.9957982,1114,4.045,9,-88.0,12.0
87.0,348,DESCENT,38.7,-6.0,1.0,35.0014398,-116.9957817,1114,4.045,9,-75.0,12.0
87.25,349,DESCENT,37.2,-6.0,1.0,35.0014454,-116.9957652,1114,4.045,9,-77.0,12.0
87.5,350,DESCENT,35.7,-6.0,1.0,35.001451,-116.9957488,1114,4.045,9,-80.0,12.0
87.75,351,DESCENT,34.2,-6.0,1.0,35.0014566,-116.9957323,1114,4.045,9,-82.0,12.0
88.0,352,DESCENT,32.7,-6.0,1.0,35.0014622,-116.9957158,1114,4.045,9,-76.0,12.0
88.25,353,DESCENT,31.2,-6.0,1.0,35.0014679,-116.9956994,1114,4.045,9,-77.0,12.0
88.5,354,DESCENT,29.7,-6.0,1.0,35.0014735,-116.9956829,1114,4.045,9,-82.0,12.0
88.75,355,DESCENT,28.2,-6.0,1.0,35.0014791,-116.9956664,1114,4.045,9,-86.0,12.0
89.0,356,DESCENT,26.7,-6.0,1.0,35.0014847,-116.99565,1114,4.045,9,-91.0,12.0
89.25,357,DESCENT,25.2,-6.0,1.0,35.0014903,-116.9956335,1114,4.045,9,-79.0,12.0
89.5,358,DESCENT,23.7,-6.0,1.0,35.001496,-116.995617,1114,4.045,9,-83.0,12.0
89.75,359,DESCENT,22.2,-6.0,1.0,35.0015016,-116.9956006,1114,4.045,9,-86.0,12.0
90.0,360,DESCENT,20.7,-6.0,1.0,35.0015072,-116.9955841,1114,4.045,9,-76.0,12.0
90.25,361,DESCENT,19.2,-6.0,1.0,35.0015128,-116.9955676,1114,4.045,9,-77.0,12.0
90.5,362,DESCENT,17.7,-6.0,1.0,35.0015184,-116.9955512,1114,4.045,9,-87.0,12.0
90.75,363,DESCENT,16.2,-6.0,1.0,35.0015241,-116.9955347,1114,4.045,9,-82.0,12.0
91.0,364,DESCENT,14.7,-6.0,1.0,35.0015297,-116.9955182,1114,4.045,9,-76.0,12.0
91.25,365,DESCENT,13.2,-6.0,1.0,35.0015353,-116.9955018,1114,4.045,9,-81.0,12.0
91.5,366,DESCENT,11.7,-6.0,1.0,35.0015409,-116.9954853,1114,4.045,9,-75.0,12.0
91.75,367,DESCENT,10.2,-6.0,1.0,35.0015466,-116.9954688,1114,4.045,9,-81.0,12.0
92.0,368,DESCENT,8.7,-6.0,1.0,35.0015522,-116.9954524,1114,4.045,9,-78.0,12.0
92.25,369,DESCENT,7.2,-6.0,1.0,35.0015578,-116.9954359,1114,4.045,9,-82.0,12.0
92.5,370,DESCENT,5.7,-6.0,1.0,35.0015634,-116.9954194,1114,4.045,9,-79.0,12.0
92.75,371,DESCENT,4.2,-6.0,1.0,35.001569,-116.9954029,1114,4.045,9,-86.0,12.0
93.0,372,DESCENT,2.7,-6.0,1.0,35.0015747,-116.9953865,1114,4.045,9,-77.0,12.0
93.25,373,DESCENT,1.2,-6.0,1.0,35.0015803,-116.99537,1114,4.045,9,-82.0,12.0
93.5,374,LANDED,0.0,0.0,1.0,35.0015848,-116.9953568,1114,4.045,9,-115.0,-4.4
95.5,375,LANDED,0.0,0.0,1.0,35.0015848,-116.9953568,1114,4.045,9,-119.0,-7.8
97.5,376,LANDED,0.0,0.0,1.0,35.0015848,-116.9953568,1114,4.045,9,-112.0,-0.6
99.5,377,LANDED,0.0,0.0,1.0,35.0015848,-116.9953568,1114,4.044,9,-117.0,-5.9
101.5,378,LANDED,0.0,0.0,1.0,,,1114,4.044,0,-115.0,-3.6
103.5,379,LANDED,0.0,0.0,1.0,35.0015848,-116.9953568,1114,4.044,9,-118.0,-7.4
105.5,380,LANDED,0.0,0.0,1.0,35.0015848,-116.9953568,1114,4.044,9,-121.0,-10.1
107.5,381,LANDED,0.0,0.0,1.0,35.0015848,-116.9953568,1114,4.044,9,-116.0,-5.5
109.5,382,LANDED,0.0,0.0,1.0,35.0015848,-116.9953568,1114,4.044,9,-115.0,-4.1
111.5,383,LANDED,0.0,0.0,1.0,35.0015848,-116.9953568,1114,4.044,9,-117.0,-5.8
113.5,384,LANDED,0.0,0.0,1.0,35.0015848,-116.9953568,1114,4.044,9,-115.0,-3.8
115.5,385,LANDED,0.0,0.0,1.0,35.0015848,-116.9953568,1114,4.044,9,-115.0,-4.2
117.5,386,LANDED,0.0,0.0,1.0,35.0015848,-116.9953568,1114,4.043,9,-118.0,-6.5
119.5,387,LANDED,0.0,0.0,1.0,35.0015848,-116.9953568,1114,4.043,9,-117.0,-6.4
121.5,388,LANDED,0.0,0.0,1.0,35.0015848,-116.9953568,1114,4.043,9,-113.0,-2.1
